id,vendedor,produto,cidade,canal,valor,data_venda
1,Ana,Notebook,Campinas,Online,3106.09,2026-09-01
2,Carlos,Mouse,Sumare,Marketplace,157.86,2026-09-01
3,Beatriz,Teclado,Sumare,Marketplace,322.93,2026-09-01
4,Joao,Mouse,Americana,Loja,178.72,2026-09-01
5,Carlos,Webcam,Sumare,Marketplace,337.92,2026-09-01
6,Beatriz,Notebook,Sorocaba,Loja,3986.49,2026-09-02
7,Joao,Impressora,Americana,Loja,988.00,2026-09-02
8,Rafael,Monitor,Americana,Online,913.63,2026-09-02
9,Rafael,Notebook,Campinas,Marketplace,2978.42,2026-09-02
10,Carlos,Monitor,Sumare,Marketplace,1451.16,2026-09-02
11,Beatriz,Monitor,Americana,Online,1008.84,2026-09-03
12,Joao,Impressora,Sumare,Loja,909.26,2026-09-03
13,Carlos,Mouse,Sumare,Marketplace,150.18,2026-09-03
14,Beatriz,Notebook,Sumare,Loja,3810.93,2026-09-04
15,Rafael,Teclado,Sumare,Online,306.92,2026-09-04
16,Ana,Notebook,Campinas,Online,3669.62,2026-09-04
17,Rafael,Monitor,Sumare,Marketplace,1364.37,2026-09-04
18,Beatriz,Headset,Sorocaba,Loja,267.87,2026-09-05
19,Rafael,Headset,Campinas,Marketplace,269.40,2026-09-05
20,Beatriz,Mouse,Sorocaba,Loja,160.94,2026-09-06
21,Rafael,Teclado,Sumare,Loja,301.16,2026-09-06
22,Joao,Webcam,Americana,Loja,285.04,2026-09-06
23,Carlos,Headset,Sorocaba,Online,394.77,2026-09-06
24,Ana,Notebook,Campinas,Online,3819.50,2026-09-07
25,Rafael,Mouse,Campinas,Marketplace,128.67,2026-09-07
26,Ana,Webcam,Campinas,Online,238.86,2026-09-07
27,Beatriz,Monitor,Sorocaba,Loja,1388.05,2026-09-07
28,Rafael,Notebook,Campinas,Marketplace,3709.84,2026-09-08
29,Beatriz,Monitor,Sorocaba,Loja,1547.77,2026-09-08
30,Ana,Monitor,Campinas,Loja,1533.79,2026-09-08
31,Ana,Impressora,Campinas,Online,634.26,2026-09-08
32,Beatriz,Teclado,Sorocaba,Loja,332.91,2026-09-09
33,Joao,Notebook,Americana,Loja,3266.98,2026-09-09
34,Carlos,Monitor,Sumare,Marketplace,1362.02,2026-09-09
35,Beatriz,Headset,Sumare,Loja,384.36,2026-09-10
36,Beatriz,Monitor,Sorocaba,Loja,1471.61,2026-09-10
37,Rafael,Monitor,Americana,Loja,1493.61,2026-09-10
38,Joao,Notebook,Americana,Loja,3635.20,2026-09-11
39,Carlos,Teclado,Sumare,Marketplace,163.99,2026-09-11
40,Joao,Teclado,Americana,Loja,316.82,2026-09-12
41,Joao,Impressora,Americana,Loja,853.83,2026-09-12
42,Ana,Mouse,Campinas,Online,130.59,2026-09-12
43,Ana,Mouse,Sumare,Online,157.31,2026-09-13
44,Joao,Headset,Sumare,Marketplace,224.94,2026-09-13
45,Ana,Headset,Campinas,Online,241.41,2026-09-13
46,Ana,Mouse,Campinas,Online,169.22,2026-09-14
47,Rafael,Impressora,Sumare,Online,1084.50,2026-09-14
48,Beatriz,Monitor,Sorocaba,Loja,1448.85,2026-09-14
49,Joao,Headset,Americana,Loja,366.14,2026-09-14
50,Rafael,Mouse,Campinas,Marketplace,133.41,2026-09-15
51,Beatriz,Mouse,Sorocaba,Loja,118.48,2026-09-15
52,Carlos,Mouse,Sumare,Marketplace,94.02,2026-09-15
53,Carlos,Headset,Sumare,Marketplace,388.33,2026-09-16
54,Joao,Notebook,Americana,Loja,3687.93,2026-09-16
55,Beatriz,Headset,Sorocaba,Loja,322.97,2026-09-17
56,Beatriz,Mouse,Sorocaba,Loja,165.27,2026-09-17
57,Ana,Mouse,Campinas,Online,121.92,2026-09-17
58,Beatriz,Mouse,Sorocaba,Loja,177.31,2026-09-18
59,Rafael,Monitor,Campinas,Loja,1287.26,2026-09-18
60,Ana,Headset,Campinas,Online,261.30,2026-09-18
61,Carlos,Monitor,Sumare,Marketplace,1396.15,2026-09-18
62,Carlos,Monitor,Sumare,Marketplace,1292.96,2026-09-19
63,Beatriz,Notebook,Sorocaba,Loja,3114.58,2026-09-19
64,Joao,Mouse,Americana,Loja,101.42,2026-09-19
65,Ana,Mouse,Campinas,Online,134.22,2026-09-19
66,Ana,Notebook,Campinas,Marketplace,4036.35,2026-09-19
67,Rafael,Monitor,Americana,Online,919.32,2026-09-19
68,Beatriz,Mouse,Sorocaba,Loja,131.14,2026-09-19
69,Beatriz,Mouse,Sumare,Loja,117.91,2026-09-19
70,Beatriz,Headset,Sorocaba,Loja,216.33,2026-09-20
71,Beatriz,Notebook,Sorocaba,Loja,4046.40,2026-09-20
72,Joao,Teclado,Americana,Online,163.24,2026-09-21
73,Rafael,Monitor,Campinas,Marketplace,1054.15,2026-09-21
74,Beatriz,Monitor,Campinas,Loja,1187.77,2026-09-21
75,Carlos,Headset,Campinas,Online,196.58,2026-09-21
76,Ana,Headset,Campinas,Online,297.20,2026-09-22
77,Ana,Notebook,Campinas,Online,3185.04,2026-09-24
78,Joao,Webcam,Americana,Loja,302.93,2026-09-24
79,Carlos,Mouse,Sumare,Marketplace,110.00,2026-09-25
80,Joao,Notebook,Americana,Loja,3149.34,2026-09-25